{
  "3": {
    "train_loss": 127904.76164112966,
    "val_loss": 122565.55812490129,
    "iou": 0.0
  },
  "4": {
    "train_loss": 123671.65984179167,
    "val_loss": 119912.26626658243,
    "iou": 0.0
  },
  "5": {
    "train_loss": 121693.09254085079,
    "val_loss": 118472.41962946147,
    "iou": 0.0
  },
  "6": {
    "train_loss": 120672.87670819584,
    "val_loss": 117864.48954960913,
    "iou": 0.0
  },
  "7": {
    "train_loss": 120053.78871128858,
    "val_loss": 117268.24495864261,
    "iou": 0.0
  },
  "8": {
    "train_loss": 119443.48548774092,
    "val_loss": 116675.01709570436,
    "iou": 0.0
  },
  "9": {
    "train_loss": 118834.45802934322,
    "val_loss": 116080.18322854153,
    "iou": 0.0
  },
  "10": {
    "train_loss": 118222.73211852487,
    "val_loss": 115481.42864246092,
    "iou": 0.0
  }
}