{
  "1": {
    "train_loss": 280332.3383352277,
    "val_loss": 153583.6355935131,
    "iou": 0.0
  },
  "2": {
    "train_loss": 138161.2880251852,
    "val_loss": 131230.8302866393,
    "iou": 0.0
  },
  "3": {
    "train_loss": 126914.29617079435,
    "val_loss": 125216.86713074463,
    "iou": 0.0
  },
  "4": {
    "train_loss": 122963.19897505507,
    "val_loss": 122770.32552288969,
    "iou": 0.0
  },
  "5": {
    "train_loss": 121189.42471938742,
    "val_loss": 121392.00915982312,
    "iou": 0.0
  },
  "6": {
    "train_loss": 120243.63658284585,
    "val_loss": 120783.31767707675,
    "iou": 0.0
  },
  "7": {
    "train_loss": 119657.36262325999,
    "val_loss": 120185.06393862523,
    "iou": 0.0
  },
  "8": {
    "train_loss": 119074.90457595163,
    "val_loss": 119585.95909541812,
    "iou": 0.0
  },
  "9": {
    "train_loss": 118490.86971688052,
    "val_loss": 118983.7459136134,
    "iou": 0.0
  },
  "10": {
    "train_loss": 117903.27175494905,
    "val_loss": 118377.41613777242,
    "iou": 0.0
  }
}